feature,mean_importance
E_G_net_income_inc_on_assets_ratio_ratio_E_G_current_assets_on_assets_ratio,-0.004703495395537516
E_G_net_income_inc_on_tot_cap_ratio_sum_E_G_tax_expense_on_assets_ratio,-0.003351691038248605
E_G_repurchase_stock_agro_4q_diff_E_G_net_income_inc_on_tot_cap_ratio,-0.003160784307812581
E_G_net_income_inc_on_tot_cap_ratio_sum_E_G_repurchase_stock_tcgro_1q,-0.002694390006097491
E_G_net_property_agro_4q,-0.002348486480875134
E_G_total_capital_rgro_4q,-0.002173069106369818
E_G_sga_on_rev_ratio,-0.002084919021669385
E_G_quick_ratio_rgro_1q,-0.0019037791196989118
E_G_cogs_on_rev_ratio_multiply_E_G_net_income_inc_on_assets_ratio,-0.0017555560105174117
E_G_total_debt_rgro_1q,-0.0015524185429538595
E_G_cash_operations_agro_1q,-0.0013853303590308451
E_G_net_income_inc_agro_4q,-0.0013747495927387554
E_G_cogs_tcgro_4q,-0.001361517186179395
E_G_net_income_inc_on_assets_ratio,-0.0013450247823151185
E_G_cash_operations_tcgro_1q_diff_E_G_common_equity_tcgro_4q,-0.0013189700568999817
E_G_common_equity_on_rev_ratio,-0.0012954426060494905
E_G_working_cap_on_rev_ratio,-0.0012874485026729387
E_G_other_expenses_tcgro_4q_sum_E_G_retained_earnings_rgro_4q,-0.0012714011988854469
E_G_ebitda_rgro_1q,-0.0011989896398869383
E_G_receivables_tcgro_4q,-0.0011912546376457555
E_G_total_div_agro_4q,-0.001186047130201573
E_G_retained_earnings_agro_4q_diff_E_G_cash_operations_tcgro_1q,-0.0011621428232863385
E_G_restructuring_charges_agro_4q,-0.0011403399758380672
E_G_sga_on_assets_ratio,-0.0010744858984141458
E_G_cogs_rgro_1q,-0.0010708968433263744
E_G_total_liabilities_on_rev_ratio,-0.0010303144314145253
E_G_issuance_stock_agro_1q,-0.0010081804119544068
E_G_ebit_on_rev_ratio,-0.000989283628251869
E_G_net_debt_rgro_1q,-0.0009875008142024467
E_G_net_income_inc_on_tot_cap_ratio_sum_E_G_sga_agro_1q,-0.000981471702636949
E_G_cash_financing_rgro_1q,-0.0009780687796217768
E_G_divestitures_rgro_1q,-0.0009238457498409458
E_G_net_income_inc_on_rev_ratio,-0.0009059223513219639
E_G_net_property_rgro_4q,-0.0009017911962472148
E_G_unusual_items_agro_1q,-0.0008876935140028519
E_G_def_tax_assets_on_tot_cap_ratio,-0.000883218048430412
E_G_receivables_agro_1q,-0.0008787037326480451
E_G_net_income_inc_tcgro_4q_sum_E_G_retained_earnings_rgro_4q,-0.0008669710832877708
E_G_net_debt_on_tot_cap_ratio,-0.000835869882393625
E_G_ebitda_agro_4q,-0.0008351910143962859
E_G_net_income_inc_agro_1q,-0.0008334897980162182
E_G_total_debt_tcgro_1q,-0.0008316304741184943
E_G_int_div_income_tcgro_1q,-0.000827608715628847
E_G_working_cap_rgro_1q,-0.0008051460871823623
E_G_payables_tcgro_1q,-0.0007982533916908397
E_G_issuance_stock_tcgro_1q,-0.0007786038939001094
E_G_asset_writedown_rgro_1q,-0.0007700276474831846
E_G_other_expenses_on_assets_ratio,-0.0007569565097305774
E_G_sga_agro_4q,-0.0007565801338912936
E_G_current_liabilities_agro_1q,-0.0007470988231393138
E_G_ops_expenses_rgro_1q,-0.0007463791935245934
E_G_tax_expense_agro_4q_diff_E_G_retained_earnings_tcgro_4q,-0.0007318518104846294
E_G_def_tax_liability_agro_1q,-0.0007278224825430279
E_G_inventory_rgro_1q,-0.0007144514410861835
E_G_def_tax_assets_agro_4q_diff_E_G_retained_earnings_tcgro_4q,-0.0007127882166751087
E_G_ebit_on_assets_ratio,-0.0007067342826004519
E_G_gross_property_rgro_4q,-0.0006889277917129233
E_G_restructuring_charges_agro_1q_diff_E_G_net_income_inc_on_tot_cap_ratio,-0.0006826748455683096
E_G_def_tax_assets_rgro_4q,-0.000669863115376823
E_G_common_equity_rgro_4q,-0.0006599194441261113
E_G_retained_earnings_agro_4q_ratio_E_G_ops_expenses_on_tot_cap_ratio,-0.0006502573102364461
E_G_net_income_inc_on_assets_ratio_sum_E_G_retained_earnings_rgro_4q,-0.0006379755318868918
E_G_shares_out_agro_1q,-0.0006367285401406297
E_G_current_assets_on_assets_ratio,-0.000632416674071401
E_G_net_inc_gro_five_on_tot_cap_ratio,-0.0006217940563241875
E_G_net_debt_agro_4q,-0.0006169756562494743
E_G_cash_investing_on_rev_ratio,-0.0005686619404266846
E_G_payables_agro_4q,-0.0005475316119603723
E_G_rev_gro_five_rgro_1q,-0.0005465491278828672
E_G_total_div_agro_1q,-0.0005432710973718779
E_G_operating_income_rgro_4q,-0.0005432126467601383
E_G_tangible_book_on_rev_ratio,-0.0005366658039064109
E_G_total_revenues_agro_1q,-0.0005314317082814046
E_G_ebit_tcgro_1q,-0.0005162038140665403
E_G_total_liabilities_rgro_1q,-0.0005138167685073581
E_G_cash_operations_rgro_1q,-0.0005131223646964167
E_G_cogs_on_tot_cap_ratio,-0.0005015007494892254
E_G_retained_earnings_agro_1q_diff_E_G_retained_earnings_tcgro_4q,-0.0005011151379091472
E_G_ammor_intangibles_rgro_1q_diff_E_G_retained_earnings_tcgro_4q,-0.0004926400254899321
E_G_retained_earnings_agro_4q_diff_E_G_norm_net_inc_tcgro_1q,-0.000492403356269977
E_G_def_tax_liability_tcgro_1q,-0.000488475909035424
E_G_norm_net_inc_agro_4q,-0.0004854695465751679
E_G_ebitda_on_rev_ratio,-0.00047458706543402896
E_G_compre_income_on_tot_cap_ratio,-0.00046964280614898436
E_G_norm_net_inc_tcgro_1q,-0.0004576694998513431
E_G_cash_investing_rgro_1q,-0.0004495011260278514
E_G_depre_amor_on_rev_ratio,-0.00044675081781888617
E_G_tangible_book_rgro_4q,-0.00043997304310106067
E_G_cash_financing_rgro_4q,-0.0004391450237964167
E_G_capex_rgro_1q,-0.0004369051696362702
E_G_ebt_x_unusual_on_rev_ratio,-0.000431852882506456
E_G_inventory_agro_4q,-0.00043060796206703114
E_G_int_div_income_rgro_1q,-0.00042992672098872696
E_G_total_intangibles_tcgro_1q,-0.0004279459177472078
E_G_quick_ratio_tcgro_1q,-0.0004276143377344166
E_G_net_property_on_assets_ratio,-0.0004270037157436124
E_G_norm_net_inc_agro_1q,-0.00042679581142115455
E_G_gross_profit_tcgro_4q,-0.0004221801353087362
E_G_norm_net_inc_rgro_1q,-0.0004182082196599324
E_G_total_assets_tcgro_1q,-0.0004117250422916885
E_G_total_intangibles_on_assets_ratio,-0.00039856967179995316
E_G_ebt_x_unusual_on_tot_cap_ratio,-0.00038821893049681975
E_G_cash_operations_tcgro_1q,-0.00038760924362614136
E_G_retained_earnings_tcgro_4q_sum_E_G_minority_int_tcgro_4q,-0.00038579461473824405
E_G_common_equity_on_assets_ratio,-0.0003846618007190217
E_G_depre_amor_tcgro_1q,-0.0003846432883228723
E_G_net_inc_gro_five_on_rev_ratio,-0.0003787310231101682
E_G_ebt_x_unusual_rgro_1q,-0.0003693482770145584
E_G_quick_ratio_on_rev_ratio,-0.00036124751248940435
E_G_depre_amor_agro_1q,-0.0003541194513300816
E_G_cash_financing_tcgro_1q,-0.0003525330808685223
E_G_repurchase_stock_tcgro_4q,-0.00035234394636088904
E_G_net_inc_gro_five_rgro_4q,-0.0003442866551161661
E_G_unusual_items_on_rev_ratio,-0.0003412686336543014
E_G_asset_writedown_agro_1q,-0.00033771827662918417
E_G_inventory_tcgro_1q,-0.00033447625381018977
E_G_rev_gro_five_agro_1q,-0.00033190701856309344
E_G_cogs_tcgro_1q,-0.0003309750455736671
E_G_ebit_tcgro_4q,-0.0003277318930825279
E_G_ebit_on_tot_cap_ratio,-0.000322974417919708
E_G_net_debt_on_assets_ratio,-0.0003227293689337718
E_G_cash_investing_agro_4q,-0.00031625370842125466
E_G_interest_expense_agro_4q,-0.0003103111692597693
E_G_shares_out_rgro_1q,-0.0003085326213641326
E_G_other_expenses_rgro_4q,-0.0003064729834974078
E_G_total_revenues_tcgro_1q,-0.0003032851703801742
E_G_working_cap_on_assets_ratio,-0.0003018945574658871
E_G_working_cap_tcgro_1q,-0.00030167353395290644
E_G_current_assets_rgro_1q,-0.0003013071319330596
E_G_common_equity_agro_4q,-0.00028970409175007596
E_G_total_revenues_agro_4q,-0.00028657650098623533
E_G_payables_agro_1q,-0.0002805097925550726
E_G_total_assets_rgro_1q,-0.0002753441843316606
E_G_total_div_on_rev_ratio,-0.00027520012633546197
E_G_ops_expenses_tcgro_1q,-0.0002653143235201716
E_G_payables_rgro_4q,-0.0002652106368049023
E_G_net_income_inc_on_tot_cap_ratio_sum_E_G_restructuring_charges_tcgro_1q,-0.00026106775455372324
E_G_pref_equity_agro_1q,-0.00025709434463389025
E_G_cash_equi_agro_1q,-0.00025564845041226025
E_G_receivables_tcgro_1q,-0.00025480135173594487
E_G_total_capital_on_assets_ratio,-0.0002528674698116129
E_G_payables_tcgro_4q,-0.0002508204059774921
E_G_unusual_items_rgro_4q,-0.00024923816908102304
E_G_retained_earnings_tcgro_1q,-0.00024801759466639426
E_G_restructuring_charges_on_tot_cap_ratio,-0.00024413976087623858
E_G_ebitda_tcgro_4q,-0.0002417755448455683
E_G_cash_investing_tcgro_1q,-0.00024025381563798077
E_G_retained_earnings_tcgro_4q_sum_E_G_other_expenses_agro_4q,-0.00023267587217757902
E_G_norm_net_inc_on_tot_cap_ratio,-0.00022970550103263988
E_G_net_inc_gro_five_agro_4q,-0.00022605970700744215
E_G_total_debt_on_tot_cap_ratio,-0.00022216400744451414
E_G_cash_financing_agro_1q,-0.00022170390300366716
E_G_operating_income_agro_4q,-0.00021220196981909246
E_G_cash_acquisitions_on_tot_cap_ratio,-0.00021099536404157738
E_G_minority_int_agro_1q,-0.0002101784942445173
E_G_ebt_x_unusual_on_assets_ratio,-0.0002059302168726629
E_G_repurchase_stock_agro_1q,-0.00019769691181000803
E_G_rev_gro_five_tcgro_1q,-0.00019513671830696523
E_G_int_div_income_agro_4q,-0.0001943458139517462
E_G_total_capital_on_rev_ratio,-0.0001848160631897189
E_G_receivables_rgro_4q,-0.00018223335576683652
E_G_quick_ratio_tcgro_4q,-0.0001706935507793772
E_G_gross_property_tcgro_1q,-0.00016986084952439474
E_G_divestitures_agro_1q,-0.00016660405709808534
E_G_pref_div_rgro_1q,-0.00016204795712333465
E_G_net_property_agro_1q,-0.000156979353159592
E_G_r_d_rgro_4q,-0.00015583344308368608
E_G_cash_acquisitions_agro_1q,-0.00015531193435321943
E_G_norm_net_inc_rgro_4q,-0.00015317898021218745
E_G_total_liabilities_on_tot_cap_ratio,-0.00015258869024810108
E_G_minority_int_tcgro_4q,-0.00015255082036481628
E_G_rev_gro_five_on_tot_cap_ratio,-0.00014255583778508552
E_G_minority_int_on_assets_ratio,-0.00014099310243742558
E_G_total_assets_agro_1q,-0.0001392542341506764
E_G_total_revenues_on_tot_cap_ratio,-0.00013923931062685967
E_G_ebt_x_unusual_agro_1q,-0.00013909376101377545
E_G_def_tax_liability_rgro_1q,-0.00013801559027829536
E_G_current_liabilities_rgro_1q,-0.00013348387420551998
E_G_cash_acquisitions_tcgro_4q,-0.00013233465925373
E_G_r_d_on_assets_ratio,-0.00013048079759143684
E_G_cash_investing_agro_1q,-0.00013046618023784262
E_G_net_inc_gro_five_rgro_1q,-0.00012867555601847602
E_G_effective_tax_rate_agro_4q,-0.00012634507308645349
E_G_divestitures_agro_4q,-0.0001258458599709633
E_G_int_div_income_tcgro_4q,-0.00012522126221106155
E_G_capex_rgro_4q,-0.00012062221119387705
E_G_ebt_x_unusual_rgro_4q,-0.00011584934758087639
E_G_provision_loan_rgro_4q,-0.0001153995104938188
E_G_shares_out_agro_4q_diff_E_G_net_income_inc_on_tot_cap_ratio,-0.00011536997250781722
E_G_restructuring_charges_tcgro_4q,-0.00010763973815655081
E_G_divestitures_on_tot_cap_ratio,-0.00010627659282392843
E_G_compre_income_tcgro_1q,-0.00010525310789134545
E_G_common_equity_tcgro_1q,-0.00010338115772258183
E_G_tangible_book_agro_1q,-9.64977881967477e-05
E_G_pref_equity_on_tot_cap_ratio,-9.558733493986171e-05
E_G_r_d_tcgro_1q_diff_E_G_net_income_inc_on_tot_cap_ratio,-9.452504871106937e-05
E_G_retained_earnings_tcgro_4q_sum_E_G_total_div_tcgro_1q,-8.6525035827556e-05
E_G_compre_income_rgro_1q,-8.177971395847416e-05
E_G_retained_earnings_agro_4q_diff_E_G_def_tax_assets_tcgro_1q,-8.092048064376467e-05
E_G_int_div_income_tcgro_4q_diff_E_G_net_income_inc_on_tot_cap_ratio,-7.983424034527787e-05
E_G_cost_borrowing_tcgro_1q,-7.668848889406111e-05
E_G_ebt_x_unusual_tcgro_4q,-7.560143005704844e-05
E_G_restructuring_charges_on_rev_ratio,-7.536252088247153e-05
E_G_gross_property_agro_4q,-7.513094807626297e-05
E_G_net_debt_tcgro_4q,-7.40238239293034e-05
E_G_ammor_intangibles_rgro_1q,-7.223930063383621e-05
E_G_current_assets_agro_1q,-7.108717736853398e-05
E_G_ops_expenses_on_assets_ratio,-7.021997431093663e-05
E_G_pref_equity_on_rev_ratio,-6.642715461854242e-05
E_G_total_debt_tcgro_4q,-6.204280210218017e-05
E_G_tax_expense_on_assets_ratio,-5.801753284894185e-05
E_G_compre_income_rgro_4q,-5.697756996398961e-05
E_G_minority_int_tcgro_1q,-5.4390415555627404e-05
E_G_gross_profit_agro_4q,-5.147564247637293e-05
E_G_divestitures_on_rev_ratio,-5.145273622043644e-05
E_G_cash_acquisitions_rgro_1q,-4.9610580454650946e-05
E_G_def_tax_assets_agro_1q_diff_E_G_net_income_inc_on_tot_cap_ratio,-4.9538102586665914e-05
E_G_quick_ratio_agro_1q,-4.9492251353577824e-05
E_G_rev_gro_five_rgro_4q,-4.3789256475212925e-05
E_G_restructuring_charges_tcgro_1q,-4.36767736822552e-05
E_G_net_inc_gro_five_tcgro_1q,-3.965977484792216e-05
E_G_net_income_inc_rgro_1q,-3.670790996255224e-05
E_G_current_assets_on_tot_cap_ratio,-3.583213562848853e-05
E_G_inventory_agro_1q,-3.526262626972754e-05
E_G_shares_out_on_tot_cap_ratio,-3.346526079093248e-05
E_G_def_tax_assets_tcgro_4q,-3.142074888785595e-05
E_G_issuance_stock_agro_4q,-2.9396643990298176e-05
E_G_divestitures_tcgro_1q,-2.6989095959317754e-05
E_G_current_liabilities_on_tot_cap_ratio,-2.6338831728001112e-05
E_G_retained_earnings_agro_4q_diff_E_G_r_d_rgro_1q,-2.1344377987764228e-05
E_G_gross_property_rgro_1q,-2.082819455460072e-05
E_G_provision_loan_agro_1q,-1.5320056215062382e-05
E_G_def_tax_assets_tcgro_1q,-1.5015443226085168e-05
E_G_r_d_agro_4q,-1.4562572824772246e-05
E_G_capex_tcgro_1q,-1.4327767023103456e-05
E_G_tax_expense_on_rev_ratio,-1.417685827510562e-05
E_G_total_expenses_tcgro_4q,-8.870340043243275e-06
E_G_total_debt_on_rev_ratio,-7.813290576141885e-06
E_G_effective_tax_rate_rgro_4q,-6.812985448101383e-06
E_G_pref_div_agro_4q,-2.7537962298707088e-06
E_G_ammor_intangibles_on_rev_ratio,-9.067693088282702e-07
E_G_core_banks_on_tot_cap_ratio,0.0
E_G_core_banks_tcgro_1q,0.0
E_G_core_banks_agro_4q,0.0
E_G_provision_loan_on_rev_ratio,0.0
E_G_pref_equity_tcgro_1q,0.0
E_G_provision_loan_tcgro_1q,0.0
E_G_r_d_tcgro_1q,0.0
E_G_restructuring_charges_on_assets_ratio_sum_E_G_retained_earnings_tcgro_4q,0.0
E_G_r_d_agro_1q,0.0
E_G_net_income_inc_on_rev_ratio_multiply_E_G_cogs_on_assets_ratio,0.0
E_G_core_banks_tcgro_4q,0.0
E_G_pref_equity_tcgro_4q,0.0
E_G_pref_equity_rgro_1q,0.0
E_G_core_banks_rgro_1q,0.0
E_G_core_banks_on_rev_ratio,0.0
E_G_core_banks_on_assets_ratio,0.0
E_G_net_income_inc_on_rev_ratio_ratio_E_G_current_assets_on_rev_ratio,0.0
E_G_retained_earnings_tcgro_4q_sum_E_G_r_d_agro_4q,0.0
E_G_r_d_rgro_1q,0.0
E_G_core_banks_agro_1q,0.0
E_G_net_income_inc_on_tot_cap_ratio_ratio_E_G_current_assets_on_tot_cap_ratio,0.0
E_G_provision_loan_on_tot_cap_ratio,0.0
E_G_core_banks_rgro_4q,0.0
E_G_restructuring_charges_agro_1q_diff_E_G_retained_earnings_tcgro_4q,0.0
E_G_total_expenses_rgro_4q,0.0
E_G_total_expenses_on_tot_cap_ratio,0.0
E_G_retained_earnings_tcgro_4q_ratio_E_G_total_assets_on_tot_cap_ratio,0.0
E_G_pref_div_on_tot_cap_ratio,0.0
E_G_retained_earnings_agro_4q_ratio_E_G_total_assets_on_tot_cap_ratio,0.0
E_G_pref_div_rgro_4q,0.0
E_G_provision_loan_rgro_1q,0.0
E_G_def_tax_assets_agro_1q,1.8483844877348332e-06
E_G_pref_equity_on_assets_ratio,3.4914255751639088e-06
E_G_total_assets_rgro_4q,4.288136245389484e-06
E_G_ops_expenses_on_rev_ratio,8.115911287909228e-06
E_G_gross_profit_rgro_4q,9.420150047867448e-06
E_G_def_tax_liability_on_tot_cap_ratio,1.1254906041358036e-05
E_G_inventory_on_tot_cap_ratio,1.1328708556446188e-05
E_G_pref_div_tcgro_1q,1.2441331411194855e-05
E_G_ops_expenses_on_tot_cap_ratio,1.5398844663161437e-05
E_G_def_tax_liability_tcgro_4q,1.8884566120869195e-05
E_G_net_income_inc_on_tot_cap_ratio_sum_E_G_shares_out_agro_1q,1.92151746005953e-05
E_G_cash_acquisitions_tcgro_1q,2.0196584399923e-05
E_G_cogs_agro_1q,2.6224539116825873e-05
E_G_tax_expense_rgro_4q,2.7694670556033252e-05
E_G_operating_income_on_assets_ratio,2.880874049037141e-05
E_G_shares_out_tcgro_1q,2.97335061661963e-05
E_G_total_expenses_agro_4q,3.046392479958415e-05
E_G_effective_tax_rate_tcgro_1q,3.0945681024696634e-05
E_G_total_assets_tcgro_4q,3.519125064989081e-05
E_G_effective_tax_rate_rgro_1q,3.569701755444799e-05
E_G_cogs_on_assets_ratio,3.8273706635516544e-05
E_G_pref_div_agro_1q,4.015133427313078e-05
E_G_pref_equity_agro_4q,4.086212319425187e-05
E_G_common_equity_rgro_1q,4.401107950560146e-05
E_G_pref_div_tcgro_4q,4.520846692197544e-05
E_G_ammor_intangibles_on_assets_ratio,4.7191695542958545e-05
E_G_provision_loan_tcgro_4q,5.276480954903295e-05
E_G_provision_loan_on_assets_ratio,5.318532512206264e-05
E_G_net_income_inc_tcgro_1q,5.3562570574883225e-05
E_G_capex_agro_4q,5.8456949085594624e-05
E_G_current_liabilities_tcgro_1q,5.8882236697788136e-05
E_G_net_income_inc_on_tot_cap_ratio_sum_E_G_unusual_items_on_rev_ratio,5.976271526657584e-05
E_G_gross_property_agro_1q,6.11615734969706e-05
E_G_net_property_rgro_1q,6.436668175052729e-05
E_G_total_expenses_on_rev_ratio,6.46698903230658e-05
E_G_unusual_items_tcgro_1q,6.56632417948333e-05
E_G_divestitures_on_assets_ratio,6.570622895475386e-05
E_G_other_expenses_agro_4q,7.536642337253596e-05
E_G_ebit_agro_4q,8.198984530103371e-05
E_G_ebit_rgro_4q,8.528681103270319e-05
E_G_asset_writedown_tcgro_4q,8.607165770635472e-05
E_G_cash_equi_tcgro_1q,8.863023920006042e-05
E_G_restructuring_charges_on_assets_ratio,8.924743209249852e-05
E_G_retained_earnings_tcgro_4q_sum_E_G_cost_borrowing_tcgro_1q,8.992249798193131e-05
E_G_total_capital_on_assets_ratio_multiply_E_G_retained_earnings_tcgro_4q,9.308378567126629e-05
E_G_retained_earnings_rgro_1q,9.356231683878002e-05
E_G_common_equity_tcgro_4q,9.732637223009988e-05
E_G_r_d_tcgro_4q,9.867486548520432e-05
E_G_restructuring_charges_agro_1q,9.88982867403787e-05
E_G_issuance_stock_on_assets_ratio,9.937829947034293e-05
E_G_current_assets_tcgro_4q,9.983140311579098e-05
E_G_net_property_tcgro_1q,9.988378190564084e-05
E_G_ammor_intangibles_agro_4q,0.00010408713529941327
E_G_asset_writedown_tcgro_1q,0.00010486574161607808
E_G_def_tax_liability_on_assets_ratio,0.00010732005308839998
E_G_cash_financing_agro_4q,0.00010792336747200704
E_G_pref_div_on_rev_ratio,0.00010841899508272635
E_G_interest_expense_agro_1q,0.00011600219073963914
E_G_net_debt_tcgro_1q,0.00012672844973902198
E_G_shares_out_rgro_4q,0.00012819146216117572
E_G_total_liabilities_agro_1q,0.0001309564742653424
E_G_total_capital_agro_1q,0.00013110229575812314
E_G_retained_earnings_tcgro_4q,0.00013250404700794195
E_G_total_liabilities_on_assets_ratio,0.00013284505273328807
E_G_cogs_agro_4q,0.0001334586786287284
E_G_net_income_inc_tcgro_4q,0.00013547031462308735
E_G_int_div_income_on_assets_ratio,0.000137356015182033
E_G_common_equity_agro_4q_diff_E_G_repurchase_stock_on_assets_ratio,0.0001406660357905931
E_G_net_inc_gro_five_tcgro_4q,0.00014119329498567533
E_G_int_div_income_agro_1q,0.00014320629357185145
E_G_repurchase_stock_rgro_4q,0.00014609651255185208
E_G_total_revenues_tcgro_4q,0.0001487172725349928
E_G_restructuring_charges_rgro_1q,0.00015148317986133364
E_G_minority_int_rgro_1q,0.0001532089550572824
E_G_cash_financing_on_assets_ratio,0.00015624378869795176
E_G_ops_expenses_agro_1q,0.00015836045104414831
E_G_total_expenses_on_assets_ratio,0.00015910353188389737
E_G_inventory_on_rev_ratio,0.0001636630234665981
E_G_depre_amor_rgro_1q,0.00016826175791556652
E_G_effective_tax_rate_tcgro_4q,0.00016883686573897493
E_G_net_property_tcgro_4q,0.00017319607641413937
E_G_total_capital_tcgro_4q,0.00017484396889445587
E_G_tax_expense_agro_1q,0.0001825679935427149
E_G_cash_operations_tcgro_1q_diff_E_G_retained_earnings_tcgro_4q,0.00018412687206482704
E_G_pref_equity_rgro_4q,0.00018439492427722027
E_G_cost_borrowing_on_assets_ratio,0.00018711459238367477
E_G_net_debt_on_rev_ratio,0.0001882162589445624
E_G_quick_ratio_rgro_4q,0.00019044131303095347
E_G_sga_tcgro_1q,0.00019514817604066037
E_G_norm_net_inc_on_rev_ratio,0.00019612868177945053
E_G_r_d_on_tot_cap_ratio,0.00020324830614845135
E_G_ebt_x_unusual_agro_1q_diff_E_G_retained_earnings_agro_4q,0.00020480133935095733
E_G_gross_property_on_tot_cap_ratio,0.00020592821435104768
E_G_total_expenses_rgro_1q,0.00020836127982951647
E_G_cost_borrowing_agro_1q,0.0002101049729569815
E_G_cash_financing_tcgro_4q,0.00021155231416551955
E_G_cash_equi_on_assets_ratio,0.00021167276198857943
E_G_retained_earnings_agro_4q,0.0002131044758692302
E_G_total_debt_rgro_4q,0.00021365207253354335
E_G_other_expenses_tcgro_1q,0.00022290086204574956
E_G_r_d_on_rev_ratio,0.0002260156426140414
E_G_norm_net_inc_tcgro_4q,0.0002266414502223646
E_G_working_cap_on_tot_cap_ratio,0.00022725015820954653
E_G_assets_gro_five_rgro_1q,0.00022756037956126463
E_G_working_cap_agro_1q,0.0002276641372173982
E_G_total_revenues_on_assets_ratio,0.00022907293858549506
E_G_depre_amor_on_assets_ratio,0.00022961204508604728
E_G_capex_tcgro_4q,0.0002349647044469494
E_G_cash_acquisitions_rgro_4q,0.00023911675156215172
E_G_cogs_rgro_4q,0.00023974896838462322
E_G_retained_earnings_agro_4q_sum_E_G_sga_agro_1q,0.00024306452728797278
E_G_minority_int_on_tot_cap_ratio,0.00024330306655687695
E_G_total_div_rgro_1q,0.0002443195805514331
E_G_def_tax_assets_agro_4q,0.0002462164899162178
E_G_common_equity_agro_1q,0.0002520799083621794
E_G_cash_equi_on_rev_ratio,0.00025324829041785125
E_G_operating_income_tcgro_1q,0.0002535276748571014
E_G_quick_ratio_agro_4q,0.00025419200143119716
E_G_total_debt_agro_4q,0.00025595097416418743
E_G_issuance_stock_tcgro_4q,0.00025622738880592966
E_G_operating_income_rgro_1q,0.00025728387322901944
E_G_minority_int_agro_4q,0.00025816532904324727
E_G_total_debt_agro_1q,0.00026154653575286566
E_G_tangible_book_tcgro_4q,0.00026167463205331034
E_G_total_intangibles_agro_4q,0.0002649994680856471
E_G_cost_borrowing_rgro_1q,0.00026698216700580255
E_G_def_tax_liability_agro_4q,0.00026918680362116867
E_G_asset_writedown_on_rev_ratio,0.0002753131187789859
E_G_ebitda_on_tot_cap_ratio,0.0002753547048751304
E_G_ebit_rgro_1q,0.0002786995236549572
E_G_repurchase_stock_on_rev_ratio,0.00027888867356997695
E_G_asset_writedown_agro_4q,0.00027977063488563434
E_G_total_intangibles_rgro_1q,0.0002807719289163457
E_G_other_expenses_agro_1q,0.00028163420449137664
E_G_issuance_stock_rgro_1q,0.0002816745706324175
E_G_tangible_book_agro_4q,0.000285373364707453
E_G_operating_income_tcgro_4q,0.00028543775296836494
E_G_operating_income_on_tot_cap_ratio,0.0002872845513393396
E_G_net_inc_gro_five_agro_1q,0.00028804249410372405
E_G_cash_acquisitions_agro_4q,0.00029484996208593015
E_G_def_tax_assets_on_assets_ratio,0.000295985812327193
E_G_asset_writedown_on_assets_ratio,0.0002973832181410674
E_G_ammor_intangibles_tcgro_4q,0.000303038356304397
E_G_total_capital_rgro_1q,0.000304841000848044
E_G_ops_expenses_rgro_4q,0.0003242436616078259
E_G_cogs_on_rev_ratio,0.00032620478524642005
E_G_pref_div_on_assets_ratio,0.0003286153215828369
E_G_ebt_x_unusual_tcgro_1q,0.00033350648448772225
E_G_inventory_tcgro_4q,0.00033402980879841947
E_G_capex_on_tot_cap_ratio,0.0003381997822205496
E_G_depre_amor_on_tot_cap_ratio,0.00034127701389651265
E_G_total_debt_on_assets_ratio,0.00034535246363948113
E_G_receivables_rgro_1q,0.0003500522093500047
E_G_cost_borrowing_tcgro_4q,0.00035359354847905864
E_G_receivables_on_assets_ratio,0.0003565262442890238
E_G_ebt_x_unusual_agro_4q,0.000356628260822589
E_G_quick_ratio_on_tot_cap_ratio,0.0003607093079992851
E_G_tax_expense_tcgro_4q,0.00036100963876669614
E_G_asset_writedown_on_tot_cap_ratio,0.00036251764011276946
E_G_payables_rgro_1q,0.0003651524343026735
E_G_def_tax_liability_on_rev_ratio,0.00036532683645567053
E_G_total_intangibles_on_rev_ratio,0.0003711603105260752
E_G_sga_rgro_4q,0.00037276246881717823
E_G_ebit_agro_1q,0.00037283307177781165
E_G_quick_ratio_on_assets_ratio,0.00037897388485608197
E_G_gross_profit_tcgro_1q,0.0003792462252056539
E_G_gross_property_on_rev_ratio,0.0003843792855826589
E_G_net_income_inc_on_tot_cap_ratio,0.0003864357683358577
E_G_def_tax_assets_rgro_1q,0.0003901549661581405
E_G_total_capital_agro_4q,0.0003985627013913251
E_G_minority_int_rgro_4q,0.00039990819387085707
E_G_assets_gro_five_on_tot_cap_ratio,0.0004027690239268855
E_G_compre_income_tcgro_4q,0.0004031278090598778
E_G_repurchase_stock_tcgro_1q,0.00040707323965643026
E_G_divestitures_tcgro_4q,0.00043174646107859707
E_G_total_capital_on_assets_ratio_multiply_E_G_retained_earnings_agro_4q,0.00043197469129531153
E_G_ammor_intangibles_tcgro_1q,0.00044880650531349265
E_G_provision_loan_agro_4q,0.0004496372241240776
E_G_tangible_book_rgro_1q,0.00045619344704440624
E_G_compre_income_agro_4q,0.0004577061821401496
E_G_repurchase_stock_rgro_1q,0.00046045408941697286
E_G_other_expenses_tcgro_4q_sum_E_G_retained_earnings_agro_4q,0.00047118708302357204
E_G_assets_gro_five_agro_1q,0.0004763307499210501
E_G_net_debt_rgro_4q,0.0004792331482190826
E_G_retained_earnings_rgro_4q,0.00047953905971436227
E_G_gross_property_on_assets_ratio,0.0004819434358880548
E_G_total_capital_tcgro_1q,0.00048618431029361363
E_G_operating_income_agro_1q,0.0004941869781548314
E_G_inventory_on_assets_ratio,0.0004945043980576269
E_G_current_liabilities_tcgro_4q,0.0004978940586337077
E_G_receivables_on_tot_cap_ratio,0.0004983337021392976
E_G_total_assets_on_rev_ratio,0.0005033613053952335
E_G_net_income_inc_rgro_4q,0.0005033916277994432
E_G_sga_tcgro_4q,0.0005036616064573951
E_G_gross_profit_on_rev_ratio,0.0005287346932258852
E_G_total_liabilities_tcgro_1q,0.0005319097317158627
E_G_total_liabilities_agro_4q,0.0005356111583626144
E_G_interest_expense_tcgro_1q,0.0005378164170884436
E_G_total_intangibles_agro_1q,0.0005378326785545507
E_G_unusual_items_on_tot_cap_ratio,0.0005532239377357473
E_G_effective_tax_rate_on_assets_ratio,0.0005555757614920554
E_G_shares_out_on_rev_ratio,0.0005586776718216946
E_G_minority_int_on_rev_ratio,0.0005621850442125931
E_G_cash_investing_tcgro_4q,0.0005755122359538345
E_G_total_div_tcgro_1q,0.0005829387713032763
E_G_working_cap_agro_4q,0.0005858061203893872
E_G_minority_int_tcgro_1q_sum_E_G_retained_earnings_agro_4q,0.0005964787993063992
E_G_cost_borrowing_agro_4q,0.0006016154738465839
E_G_tax_expense_tcgro_1q,0.0006026370622160715
E_G_total_liabilities_tcgro_4q,0.0006070664895421851
E_G_rev_gro_five_on_assets_ratio,0.0006183970832458252
E_G_ops_expenses_tcgro_4q,0.0006212490612985344
E_G_tangible_book_on_assets_ratio,0.0006310196553776182
E_G_effective_tax_rate_agro_1q,0.0006319383708206061
E_G_operating_income_on_rev_ratio,0.0006361851840077981
E_G_compre_income_agro_1q,0.0006398767073785949
E_G_retained_earnings_agro_4q_diff_E_G_cost_borrowing_on_assets_ratio,0.0006429610658098772
E_G_working_cap_tcgro_4q,0.0006445851595814567
E_G_total_assets_on_tot_cap_ratio,0.0006474610676545422
E_G_int_div_income_on_tot_cap_ratio,0.0006508058713198039
E_G_ebitda_rgro_4q,0.0006547740683132463
E_G_current_assets_rgro_4q,0.0006606734377925805
E_G_restructuring_charges_rgro_4q,0.0006608711929827815
E_G_def_tax_liability_rgro_4q,0.0006627099364275635
E_G_total_intangibles_on_tot_cap_ratio,0.0006738113299003201
E_G_retained_earnings_agro_1q,0.0006755187588961764
E_G_cash_financing_on_tot_cap_ratio,0.0006774251294533573
E_G_shares_out_agro_4q,0.0006800227973134509
E_G_other_expenses_rgro_1q,0.0006857358837439875
E_G_tax_expense_agro_4q,0.0007015187770647469
E_G_assets_gro_five_tcgro_1q,0.0007098900870484593
E_G_compre_income_on_assets_ratio,0.0007145911960580231
E_G_unusual_items_rgro_1q,0.0007184440133722215
E_G_capex_on_rev_ratio,0.00071979909108838
E_G_interest_expense_on_tot_cap_ratio,0.0007222143467029207
E_G_gross_profit_agro_1q,0.000725632749731786
E_G_tangible_book_on_tot_cap_ratio,0.0007286808960829227
E_G_gross_property_tcgro_4q,0.0007288368280094048
E_G_pref_equity_rgro_4q_diff_E_G_net_income_inc_on_tot_cap_ratio,0.0007377642222568092
E_G_shares_out_on_assets_ratio,0.0007486864701646056
E_G_cash_operations_agro_4q,0.000749017155757814
E_G_total_assets_agro_4q,0.0007584601605082009
E_G_rev_gro_five_agro_4q,0.000781285941898402
E_G_net_property_on_tot_cap_ratio,0.0007838031225522069
E_G_unusual_items_on_assets_ratio,0.0007868221815208187
E_G_current_liabilities_on_assets_ratio,0.0007914722003147468
E_G_rev_gro_five_on_rev_ratio,0.0007957995561932773
E_G_cash_equi_rgro_1q,0.0007969687111898827
E_G_ops_expenses_agro_4q,0.0007986780320024089
E_G_ammor_intangibles_on_tot_cap_ratio,0.0008127648462829873
E_G_cost_borrowing_on_rev_ratio,0.0008135819316299475
E_G_total_revenues_rgro_4q,0.0008137379833224045
E_G_receivables_on_rev_ratio,0.0008191465578646917
E_G_cash_operations_tcgro_4q,0.0008219894580454801
E_G_interest_expense_tcgro_4q,0.0008279999661566229
E_G_unusual_items_agro_4q,0.0008344198746817244
E_G_total_revenues_rgro_1q,0.0008441068581087951
E_G_sga_agro_1q,0.0008562199202110544
E_G_total_expenses_tcgro_1q,0.000857767336086146
E_G_total_div_tcgro_4q,0.0008673237484266183
E_G_ebitda_tcgro_1q,0.000881945236525139
E_G_current_assets_agro_4q,0.0008888211279820535
E_G_retained_earnings_tcgro_4q_sum_E_G_other_expenses_tcgro_4q,0.0008953688611288757
E_G_working_cap_rgro_4q,0.0009003770060292294
E_G_assets_gro_five_agro_4q,0.0009019027560555282
E_G_tax_expense_rgro_1q,0.0009043285239921928
E_G_ebitda_on_assets_ratio,0.0009369172215407118
E_G_tangible_book_tcgro_1q,0.0009442589736990525
E_G_total_expenses_agro_1q,0.0009611577067274557
E_G_net_debt_agro_1q,0.000964736125863741
E_G_compre_income_on_rev_ratio,0.0009851542591053808
E_G_issuance_stock_on_tot_cap_ratio,0.0009871903951825466
E_G_capex_agro_1q,0.0009936667381688301
E_G_sga_rgro_1q,0.0010021088234674958
E_G_current_assets_tcgro_1q,0.0010040288148936316
E_G_unusual_items_on_assets_ratio_sum_E_G_other_expenses_on_assets_ratio,0.0010054479246617621
E_G_ammor_intangibles_agro_1q,0.0010100846198972003
E_G_current_liabilities_on_rev_ratio,0.0010508766046089303
E_G_cash_equi_agro_4q,0.0010974874258486533
E_G_net_inc_gro_five_on_assets_ratio,0.0011005266800171887
E_G_total_div_on_assets_ratio,0.001101413395838391
E_G_unusual_items_tcgro_4q,0.00112259783940315
E_G_payables_on_rev_ratio,0.0011275927974398249
E_G_capex_on_assets_ratio,0.0011370235163838504
E_G_net_property_on_rev_ratio,0.0011450059369229604
E_G_receivables_agro_4q,0.001159889928285407
E_G_shares_out_tcgro_4q,0.0011917737342247436
E_G_cash_operations_rgro_4q,0.0011944948522510934
E_G_inventory_rgro_4q,0.001207129484016445
E_G_gross_profit_rgro_1q,0.0012175366481173232
E_G_ammor_intangibles_rgro_4q,0.0012231958620356753
E_G_interest_expense_on_rev_ratio,0.0012350431563290076
E_G_cost_borrowing_on_tot_cap_ratio,0.0012379748061175477
E_G_repurchase_stock_on_tot_cap_ratio,0.0012587297177238054
E_G_effective_tax_rate_on_tot_cap_ratio,0.0012783030136343742
E_G_cash_equi_rgro_4q,0.0013149389360940123
E_G_repurchase_stock_on_assets_ratio,0.0013343442563278462
E_G_cash_acquisitions_on_rev_ratio,0.001356176133407927
E_G_sga_on_tot_cap_ratio,0.0013798299382246303
E_G_cash_acquisitions_on_assets_ratio,0.0014172364940495008
E_G_interest_expense_rgro_1q,0.0014435932283992981
E_G_depre_amor_rgro_4q,0.0014442135112095911
E_G_gross_profit_on_assets_ratio,0.0014478962697244801
E_G_divestitures_rgro_4q,0.0014486513489811003
E_G_other_expenses_on_tot_cap_ratio,0.0014513545408453177
E_G_assets_gro_five_rgro_4q,0.0014798671345145008
E_G_norm_net_inc_on_assets_ratio,0.0015035429857101711
E_G_total_div_on_tot_cap_ratio,0.0015642140665639293
E_G_assets_gro_five_on_rev_ratio,0.0015681958522992035
E_G_cash_investing_on_tot_cap_ratio,0.0016206578410799422
E_G_cash_equi_tcgro_4q,0.0016444089512461456
E_G_gross_profit_on_tot_cap_ratio,0.0016533015134833184
E_G_cost_borrowing_rgro_4q,0.001657725199519966
E_G_int_div_income_on_rev_ratio,0.0016834087551287347
E_G_payables_on_assets_ratio,0.0016840864049410208
E_G_total_div_rgro_4q,0.0017423041032139431
E_G_payables_on_tot_cap_ratio,0.0017442719942853402
E_G_current_liabilities_agro_4q,0.0017603756667583514
E_G_issuance_stock_rgro_4q,0.00176291311042861
E_G_current_liabilities_rgro_4q,0.0017760683899773922
E_G_unusual_items_on_rev_ratio_sum_E_G_common_equity_agro_4q,0.0017765086125585139
E_G_depre_amor_tcgro_4q,0.0017849707844834084
E_G_def_tax_assets_on_rev_ratio,0.0017966539499263301
E_G_ebitda_agro_1q,0.001797664873578464
E_G_restructuring_charges_rgro_4q_diff_E_G_retained_earnings_tcgro_4q,0.001804638309299811
E_G_total_liabilities_rgro_4q,0.0018332393367265997
E_G_interest_expense_on_assets_ratio,0.00189037884501575
E_G_asset_writedown_on_assets_ratio_sum_E_G_retained_earnings_tcgro_4q,0.0018931532328056223
E_G_cash_operations_on_rev_ratio,0.001908470200214829
E_G_common_equity_on_tot_cap_ratio,0.001949730913695802
E_G_asset_writedown_rgro_4q,0.002027285478004759
E_G_cash_investing_rgro_4q,0.0020440043631215652
E_G_int_div_income_rgro_4q,0.0020669322600894826
E_G_effective_tax_rate_on_rev_ratio,0.0020952821033148328
E_G_other_expenses_tcgro_4q,0.0021608150074066356
E_G_cash_investing_on_assets_ratio,0.002179195137417278
E_G_repurchase_stock_agro_4q,0.0022042985934590973
E_G_current_assets_on_rev_ratio,0.002244096116834382
E_G_rev_gro_five_tcgro_4q,0.0023435047020154975
E_G_depre_amor_agro_4q,0.0024854785175249527
E_G_other_expenses_on_rev_ratio,0.002583512016014733
E_G_total_intangibles_tcgro_4q,0.002590670922197924
E_G_unusual_items_on_rev_ratio_sum_E_G_net_income_inc_on_assets_ratio,0.0028722890377731237
E_G_assets_gro_five_tcgro_4q,0.003169742471682069
E_G_tax_expense_on_tot_cap_ratio,0.0031818520809716033
E_G_issuance_stock_on_rev_ratio,0.003219247496745914
E_G_cash_financing_on_rev_ratio,0.003953767658791874
E_G_total_intangibles_rgro_4q,0.003958993302222058
E_G_net_income_inc_on_tot_cap_ratio_sum_E_G_issuance_stock_on_tot_cap_ratio,0.0040822807029345706
E_G_interest_expense_rgro_4q,0.004087016937392995
E_G_retained_earnings_on_rev_ratio,0.004304419813341176
E_G_assets_gro_five_on_assets_ratio,0.004384134233603709
E_G_cash_equi_on_tot_cap_ratio,0.004985547543611091
E_G_retained_earnings_on_tot_cap_ratio,0.005953650194234416
E_G_cash_operations_on_assets_ratio,0.008686508601910259
E_G_cash_operations_on_tot_cap_ratio,0.008844937597486013
E_G_retained_earnings_on_assets_ratio,0.010992010780448957
E_G_net_income_inc_on_tot_cap_ratio_diff_E_G_norm_net_inc_on_tot_cap_ratio,0.031632214674052014
